<?xml version="1.0" encoding="UTF-8"?>
<classpath>
	<classpathentry kind="src" path="src"/>
	<classpathentry kind="con" path="org.eclipse.jdt.launching.JRE_CONTAINER/org.eclipse.jdt.internal.debug.ui.launcher.StandardVMType/OSGi%Minimum-1.2"/>
	<classpathentry kind="lib" path="lib/dom4j-1.1.jar"/>
	<classpathentry kind="lib" path="lib/log4j-1.2.17.jar"/>
	<classpathentry kind="lib" path="lib/poi-3.6-20091214.jar"/>
	<classpathentry kind="lib" path="lib/poi-ooxml-3.6-20091214.jar"/>
	<classpathentry kind="lib" path="lib/poi-ooxml-schemas-3.6-20091214.jar"/>
	<classpathentry kind="lib" path="lib/saxon-8.7.jar"/>
	<classpathentry kind="lib" path="lib/SaxonLiaison.jar"/>
	<classpathentry kind="lib" path="lib/selenium-server-standalone-3.4.0.jar"/>
	<classpathentry kind="lib" path="lib/testng-6.9.10.jar"/>
	<classpathentry kind="lib" path="lib/xmlbeans-2.3.0.jar"/>
	<classpathentry kind="output" path="bin"/>
</classpath>
